愛撫,Caress
クンニ,Cunnilingus
アナル愛撫,Anal Caress
自慰,Masturbation
フェラする,Do Blowjob
胸愛撫,Breast Caress
キスする,Kiss
秘貝開帳,Spread Labia
指挿入れ,Fingering
アナル舐め,Rim Job

振動の宝石,Jewel Of Vibration
壺ワーム,Vaginal Worm
振動の杖,Wand Of Vibration
アナルワーム,Anal Worm
クリキャップ,Clit Cap
二プルキャップ,Nipple Cap
搾乳機,Milker
オナホール,Onahole
シャワー,Shower
アナルビーズ,Anal Beads

正常位,Missionary
後背位,Doggy Style
対面座位,Lotus Position
背面座位,Lotus From Back
逆レイプ,Reverse Rape
逆アナルレイプ,Reverse Anal Rape
正常位アナル,Anal Missionary
後背位アナル,Anal Doggy Style
対面座位アナル,Anal Lotus
背面座位アナル,A Lotus From Back

手淫,Handjob
フェラチオ,Blowjob
パイズリ,Titjob
素股,Thighjob
騎乗位,Cowgirl
泡踊り,Foam Play
騎乗位アナル,Anal Cowgirl
アナル奉仕,Rimjob
足コキ,Footjob

スパンキング,Spanking
鞭,Whip
針,Needle
アイマスク,Blindfold
縄,Rope
ボールギャグ,Ball Gag
浣腸器＋プラグ,Enema＋Butt Plug
ボンデージ装着,Equip Bondage
足コキする,Do Footjob
アナル電極,Anal Electrode

ローション,Lotion
媚薬,Aphrodisiac
利尿剤,Diuretic
水晶球,Crystal Ball
野外プレイ,Outdoor Play
何もしない,Do Nothing
会話する,Talk
羞恥プレイ,Shame Play
お風呂場プレイ,Bathroom Play
新妻プレイ,Apron Play

助手にキス,Kiss Assistant
クンニ強制,Forced Cunnilingus
助手を犯す,Rape Assistant
貝あわせ,Tribadism
３Ｐ,3P
助手を犯させる,Let Slave Fuck Assistant
二本フェラ,Suck Us Both
ダブルフェラ,Double Blowjob
ダブルパイズリ,Double Titjob
陰毛を剃る,Shave Pubic Hair
髪型を弄る,Change Hairstyle

イラマチオ,Deepthroat
フィストファック,Fisting
アナルフィスト,Anal Fisting
両穴フィスト,Double Fisting
放尿,Urination
ピアシング,Piercing
獣姦プレイ,Bestiality Play
ニプルファック,Nipple Fuck

触手生物,Bring Tentacle
触手挿入,Tentacle Insertion
アナル触手,Tentacle Anal Insertion
触手クリ責め,Tentacle Clit Tease
触手乳首責め,Tentacle Nipple Tease
触手搾乳,Tentacle Milking
触手緊縛,Tentacle Bondage
触手浣腸,Tentacle Enema
触手口辱,Tentacle Mouth Fuck
触手ペニス責め,Tentacle Penis Tease

服の着脱,Remove Clothes

兜あわせ,Rub Penises
セルフクンニ,Self-Cunnilingus

フリー調教,Free Training

コロシアム,Colosseum
助手,Assistant
最下層民,Slaves
カビ犬,Diseased Dog
豪傑オーク,Orc Hero
腐れ豚,Rotten Pig
トロル,Troll
媚薬スライム,Aphrodisiac Slime